{"type": "metrics", "dataset": "train", "precision": 0.682983682983683, "balanced_accuracy": 0.6608900156891283, "recall": 0.37206349206349204, "f1_score": 0.48170982326346073}
{"type": "metrics", "dataset": "test", "precision": 0.6666666666666666, "balanced_accuracy": 0.6715997566377556, "recall": 0.39664218258132217, "f1_score": 0.49736842105263157}
{"type": "cm_matrix", "dataset": "train", "true_0": {"predicted_0": 15412, "predicted_1": 816}, "true_1": {"predicted_0": 2967, "predicted_1": 1758}}
{"type": "cm_matrix", "dataset": "test", "true_0": {"predicted_0": 6695, "predicted_1": 378}, "true_1": {"predicted_0": 1150, "predicted_1": 756}}
